seed,lambda,method,utility_retention,subgroup_divergence_pre,subgroup_divergence_post,optimal_utility_b
42,0.0,rlhf,0.9999999999524218,0.0,0.0,1.0241471242028384
42,0.0,vpl_inferred,0.9926841507166598,0.0,0.0,1.0241471242028384
42,0.0,vpl_oracle,0.9999996332059339,0.0,0.0,1.0241471242028384
42,0.5,rlhf,0.5809425595880562,5.887278672394392e-07,0.0004696003896067485,0.9115577685346445
42,0.5,vpl_inferred,0.5750015438356914,5.887278672394392e-07,0.00047445882049719024,0.9115577685346445
42,0.5,vpl_oracle,0.5993821464003047,5.887278672394392e-07,0.0004544890955064944,0.9115577685346445
42,1.0,rlhf,0.027887868378705483,2.3532150138668805e-06,0.0014877266738517426,0.8661524290885015
42,1.0,vpl_inferred,0.29388996249031907,2.3532150138668805e-06,0.0007539457176670923,0.8661524290885015
42,1.0,vpl_oracle,0.07630536404587167,2.3532150138668805e-06,0.0014383642585210933,0.8661524290885015
42,2.0,rlhf,-1.1978745366464376,9.399215770606852e-06,0.0036477907733087084,0.7928654135324416
42,2.0,vpl_inferred,-1.505967911650228,9.399215770606852e-06,0.0029530340626143887,0.7928654135324416
42,2.0,vpl_oracle,-1.0153667688896786,9.399215770606852e-06,0.0035075874475474374,0.7928654135324416
42,5.0,rlhf,-6.2432204232341455,5.848568154432854e-05,0.006518786543027661,0.628421887326414
42,5.0,vpl_inferred,-3.949856049673184,5.848568154432854e-05,0.006767920904183336,0.628421887326414
42,5.0,vpl_oracle,-5.7028649421287305,5.848568154432854e-05,0.0065379241641709334,0.628421887326414
43,0.0,rlhf,0.9975929493138018,0.0,0.0,1.101413426171507
43,0.0,vpl_inferred,0.9999874351739594,0.0,0.0,1.101413426171507
43,0.0,vpl_oracle,0.9780433459567646,0.0,0.0,1.101413426171507
43,0.5,rlhf,0.6984148790798509,4.264274621969247e-07,0.00037045551370236575,0.9708135851474557
43,0.5,vpl_inferred,0.6194954558316946,4.264274621969247e-07,0.0004335330119608772,0.9708135851474557
43,0.5,vpl_oracle,0.858800511178719,4.264274621969247e-07,0.00023067844947106698,0.9708135851474557
43,1.0,rlhf,0.1932954066418614,1.705649140668952e-06,0.0012748233303293043,0.9290270578928521
43,1.0,vpl_inferred,0.15260777966945416,1.705649140668952e-06,0.0013155313827588546,0.9290270578928521
43,1.0,vpl_oracle,0.5468869443605208,1.705649140668952e-06,0.0008917464747016095,0.9290270578928521
43,2.0,rlhf,-0.977063762895039,6.8220695825157e-06,0.0033090232919005405,0.8696771614575646
43,2.0,vpl_inferred,-1.0331895972578589,6.8220695825157e-06,0.0033530294490896613,0.8696771614575646
43,2.0,vpl_oracle,0.12472988014583539,6.8220695825157e-06,0.002351441611360699,0.8696771614575646
43,5.0,rlhf,-2.271120849316964,4.2625989279443486e-05,0.0066644932751198475,0.7494994447678416
43,5.0,vpl_inferred,-5.201587007227317,4.2625989279443486e-05,0.005952763051316466,0.7494994447678416
43,5.0,vpl_oracle,-1.9039694043446567,4.2625989279443486e-05,0.00660569254331235,0.7494994447678416
44,0.0,rlhf,0.9970775638882678,0.0,0.0,1.0737954295090655
44,0.0,vpl_inferred,0.9999690593176288,0.0,0.0,1.0737954295090655
44,0.0,vpl_oracle,0.9938740351424735,0.0,0.0,1.0737954295090655
44,0.5,rlhf,0.6557226036640812,3.2554126470810056e-07,0.00038452013177202814,0.9559108772828642
44,0.5,vpl_inferred,0.5887987912115138,3.2554126470810056e-07,0.0004032550453802479,0.9559108772828642
44,0.5,vpl_oracle,0.6839076366936971,3.2554126470810056e-07,0.0003628553552452251,0.9559108772828642
44,1.0,rlhf,0.7815215366518335,1.3015237927922977e-06,0.0005977226024424382,0.9041251984998745
44,1.0,vpl_inferred,0.08215808662515638,1.3015237927922977e-06,0.0013363086470929294,0.9041251984998745
44,1.0,vpl_oracle,0.6576582195608652,1.3015237927922977e-06,0.0007650442744403188,0.9041251984998745
44,2.0,rlhf,0.3768706918124082,5.200946709093873e-06,0.0020912337858432876,0.8312012709120031
44,2.0,vpl_inferred,0.03566982119374167,5.200946709093873e-06,0.0021102723848098384,0.8312012709120031
44,2.0,vpl_oracle,0.3620484613363488,5.200946709093873e-06,0.002085738975998631,0.8312012709120031
44,5.0,rlhf,-5.111243975248088,3.240847535637314e-05,0.005839985048423148,0.6846756921873917
44,5.0,vpl_inferred,-2.35498898296834,3.240847535637314e-05,0.0068433403233792,0.6846756921873917
44,5.0,vpl_oracle,-4.751726016069801,3.240847535637314e-05,0.005834556551209477,0.6846756921873917
45,0.0,rlhf,0.9956575073759003,0.0,0.0,1.039312448437345
45,0.0,vpl_inferred,0.9999405416783604,0.0,0.0,1.039312448437345
45,0.0,vpl_oracle,0.9914014335723045,0.0,0.0,1.039312448437345
45,0.5,rlhf,0.6553654905387432,4.946185612383129e-07,0.00036172396120814367,0.9469635151671696
45,0.5,vpl_inferred,0.5695205756033435,4.946185612383129e-07,0.0004250007865780909,0.9469635151671696
45,0.5,vpl_oracle,0.8074461086843423,4.946185612383129e-07,0.00024455927189593284,0.9469635151671696
45,1.0,rlhf,0.7332236502998049,1.978582610252445e-06,0.0006301202954096851,0.9073427270121918
45,1.0,vpl_inferred,0.04371069175023978,1.978582610252445e-06,0.0013314859543347535,0.9073427270121918
45,1.0,vpl_oracle,0.8070720446036591,1.978582610252445e-06,0.0005141638135251962,0.9073427270121918
45,2.0,rlhf,0.014112127397115017,7.915139160884823e-06,0.002379879704454648,0.8528343092901519
45,2.0,vpl_inferred,-1.1263837386740674,7.915139160884823e-06,0.0032862691834486322,0.8528343092901519
45,2.0,vpl_oracle,0.37058920792838396,7.915139160884823e-06,0.0019251856159356612,0.8528343092901519
45,5.0,rlhf,-0.6603328355997,4.9481870698281035e-05,0.006402329300706387,0.7363551569013972
45,5.0,vpl_inferred,-5.355948461665045,4.9481870698281035e-05,0.0058315832183887025,0.7363551569013972
45,5.0,vpl_oracle,-0.4495628683023049,4.9481870698281035e-05,0.0062609701060201695,0.7363551569013972
46,0.0,rlhf,0.9992821564142562,0.0,0.0,1.0411273262963303
46,0.0,vpl_inferred,0.9994358125924598,0.0,0.0,1.0411273262963303
46,0.0,vpl_oracle,0.9995643717056897,0.0,0.0,1.0411273262963303
46,0.5,rlhf,0.8204073635729289,3.580828733601271e-07,0.00022560723062621302,0.9527300666814201
46,0.5,vpl_inferred,0.7876463659550625,3.580828733601271e-07,0.00025182103607436756,0.9527300666814201
46,0.5,vpl_oracle,0.61782765857607,3.580828733601271e-07,0.0003713753802546488,0.9527300666814201
46,1.0,rlhf,0.15239987072086375,1.4318015516470813e-06,0.0011774074183945626,0.9132609113148149
46,1.0,vpl_inferred,0.5614019264580511,1.4318015516470813e-06,0.0008018933005033372,0.9132609113148149
46,1.0,vpl_oracle,0.3714156639328013,1.4318015516470813e-06,0.000983998465467898,0.9132609113148149
46,2.0,rlhf,-1.085865380466953,5.722936662743698e-06,0.003117767318535629,0.8572758253607964
46,2.0,vpl_inferred,-0.9614130338777694,5.722936662743698e-06,0.0024326669997256295,0.8572758253607964
46,2.0,vpl_oracle,-0.063741240888446,5.722936662743698e-06,0.002432806172044215,0.8572758253607964
46,5.0,rlhf,-4.725329618629951,3.568680864211217e-05,0.005628171910986042,0.7298911767770152
46,5.0,vpl_inferred,-5.4206492044612045,3.568680864211217e-05,0.005574527288623793,0.7298911767770152
46,5.0,vpl_oracle,-5.147475089431671,3.568680864211217e-05,0.005556504164136297,0.7298911767770152
47,0.0,rlhf,0.9581435046134776,0.0,0.0,1.0510809254479385
47,0.0,vpl_inferred,0.87138527174829,0.0,0.0,1.0510809254479385
47,0.0,vpl_oracle,0.9782428632577574,0.0,0.0,1.0510809254479385
47,0.5,rlhf,0.9933605984425705,2.3461603529765128e-07,4.7424024478621345e-05,0.9513702478425036
47,0.5,vpl_inferred,0.5794100978769672,2.3461603529765128e-07,0.0003813199261971869,0.9513702478425036
47,0.5,vpl_oracle,0.9686505804964904,2.3461603529765128e-07,9.09831625250436e-05,0.9513702478425036
47,1.0,rlhf,0.9756999653231917,9.384500787235914e-07,0.00018713068471510737,0.9110008725490517
47,1.0,vpl_inferred,0.05608988983124244,9.384500787235914e-07,0.0011946281909747353,0.9110008725490517
47,1.0,vpl_oracle,0.8919413113652704,9.384500787235914e-07,0.0003471483446981018,0.9110008725490517
47,2.0,rlhf,0.916472622452566,3.7536783419246367e-06,0.0006491232243025925,0.8536833169229634
47,2.0,vpl_inferred,-0.27702504016818885,3.7536783419246367e-06,0.002304320602852129,0.8536833169229634
47,2.0,vpl_oracle,0.7192360296438165,3.7536783419246367e-06,0.0011744940093370672,0.8536833169229634
47,5.0,rlhf,0.5081350160915912,2.3457729327540346e-05,0.0038306709787022273,0.7344776304409103
47,5.0,vpl_inferred,-3.8995379732510425,2.3457729327540346e-05,0.00526301038679206,0.7344776304409103
47,5.0,vpl_oracle,0.024528614158135332,2.3457729327540346e-05,0.00493828884413201,0.7344776304409103
48,0.0,rlhf,0.9725906954183525,0.0,0.0,1.0874133301200413
48,0.0,vpl_inferred,0.9999999999833865,0.0,0.0,1.0874133301200413
48,0.0,vpl_oracle,0.9578239137932769,0.0,0.0,1.0874133301200413
48,0.5,rlhf,0.8366557191595401,4.5776323610315266e-07,0.00023798146942325272,0.9575873344121437
48,0.5,vpl_inferred,0.6134305551155292,4.5776323610315266e-07,0.0004282693965913403,0.9575873344121437
48,0.5,vpl_oracle,0.9084853911497264,4.5776323610315266e-07,0.00016479425335356405,0.9575873344121437
48,1.0,rlhf,0.705104679601983,1.8312655638909527e-06,0.0006634025332220996,0.9245761264309931
48,1.0,vpl_inferred,0.0945442251616109,1.8312655638909527e-06,0.0013421349561738437,0.9245761264309931
48,1.0,vpl_oracle,0.8117624624992692,1.8312655638909527e-06,0.0004903429903469166,0.9245761264309931
48,2.0,rlhf,0.36329882992041346,7.326712673727108e-06,0.0020038853281769122,0.8742086962302966
48,2.0,vpl_inferred,-1.0427127254176554,7.326712673727108e-06,0.0033109434152689904,0.8742086962302966
48,2.0,vpl_oracle,0.5030628369015259,7.326712673727108e-06,0.0017373695705876473,0.8742086962302966
48,5.0,rlhf,-1.512102225695393,4.582036818262098e-05,0.007038895069737426,0.76400136882841
48,5.0,vpl_inferred,-5.106432552833209,4.582036818262098e-05,0.0058778095380041875,0.76400136882841
48,5.0,vpl_oracle,-0.7516416886634684,4.582036818262098e-05,0.006742483479305084,0.76400136882841
49,0.0,rlhf,0.9974890277666483,0.0,0.0,1.1046339287398768
49,0.0,vpl_inferred,0.903045300028284,0.0,0.0,1.1046339287398768
49,0.0,vpl_oracle,0.9944383598003108,0.0,0.0,1.1046339287398768
49,0.5,rlhf,0.6727571527583321,3.628448171350772e-07,0.0003874804932868239,0.9701373670211528
49,0.5,vpl_inferred,0.6698561599729486,3.628448171350772e-07,0.0003897127941190315,0.9701373670211528
49,0.5,vpl_oracle,0.700979436223445,3.628448171350772e-07,0.0003649498323870481,0.9701373670211528
49,1.0,rlhf,0.17612690191282598,1.4509865503592198e-06,0.0012728604563617945,0.9291627363496182
49,1.0,vpl_inferred,0.1126109826045649,1.4509865503592198e-06,0.0013348985572405564,0.9291627363496182
49,1.0,vpl_oracle,0.22591526164864512,1.4509865503592198e-06,0.0012236487612519017,0.9291627363496182
49,2.0,rlhf,-0.9440261818312077,5.800774610021739e-06,0.00322810926559095,0.8698200668587627
49,2.0,vpl_inferred,-0.7538010723903519,5.800774610021739e-06,0.002958415966536178,0.8698200668587627
49,2.0,vpl_oracle,-0.871180443958826,5.800774610021739e-06,0.0031713584908802626,0.8698200668587627
49,5.0,rlhf,-3.309827016540715,3.619388809408162e-05,0.006272042966372085,0.7462374124408633
49,5.0,vpl_inferred,-1.7147129511756085,3.619388809408162e-05,0.00712090608927719,0.7462374124408633
49,5.0,vpl_oracle,-2.1705348174151524,3.619388809408162e-05,0.006490247892117117,0.7462374124408633
50,0.0,rlhf,0.9976094654517588,0.0,0.0,1.0558082899004062
50,0.0,vpl_inferred,0.9999998281475906,0.0,0.0,1.0558082899004062
50,0.0,vpl_oracle,0.9973322923712528,0.0,0.0,1.0558082899004062
50,0.5,rlhf,0.614558168973807,6.513618169092041e-07,0.00044846676861591317,0.9560984669186569
50,0.5,vpl_inferred,0.581329801486183,6.513618169092041e-07,0.00047608851228750045,0.9560984669186569
50,0.5,vpl_oracle,0.5950849106466712,6.513618169092041e-07,0.00046465536348277086,0.9560984669186569
50,1.0,rlhf,0.06361674476538062,2.6042102070483917e-06,0.0014908540700537551,0.9046200499982646
50,1.0,vpl_inferred,0.061692522399908155,2.6042102070483917e-06,0.0014928770893267544,0.9046200499982646
50,1.0,vpl_oracle,0.06502513652909116,2.6042102070483917e-06,0.001489372180762959,0.9046200499982646
50,2.0,rlhf,-0.10965291108016981,1.0406850075734442e-05,0.003015449072172132,0.830324382990895
50,2.0,vpl_inferred,-1.1370047379717263,1.0406850075734442e-05,0.003686346497752348,0.830324382990895
50,2.0,vpl_oracle,-0.6507697609218968,1.0406850075734442e-05,0.0033243208748260887,0.830324382990895
50,5.0,rlhf,-3.8558224849219815,6.485080927505908e-05,0.00722369217208723,0.6794768974734636
50,5.0,vpl_inferred,-5.804415060621431,6.485080927505908e-05,0.006547964815861745,0.6794768974734636
50,5.0,vpl_oracle,-2.2941911886165194,6.485080927505908e-05,0.008600459172027612,0.6794768974734636
51,0.0,rlhf,0.9999883336538603,0.0,0.0,1.070152767589992
51,0.0,vpl_inferred,0.9999999999307712,0.0,0.0,1.070152767589992
51,0.0,vpl_oracle,0.9997597028461294,0.0,0.0,1.070152767589992
51,0.5,rlhf,0.5980289181143725,6.175856655569866e-07,0.00048554758244811536,0.9588852115697278
51,0.5,vpl_inferred,0.6444273205875471,6.175856655569866e-07,0.00033129668158285994,0.9588852115697278
51,0.5,vpl_oracle,0.6429910297807659,6.175856655569866e-07,0.0004474910822838882,0.9588852115697278
51,1.0,rlhf,0.08418899038165836,2.4681358281675246e-06,0.0015244131596313091,0.9079238797365221
51,1.0,vpl_inferred,0.0629744816704229,2.4681358281675246e-06,0.0011828492783761023,0.9079238797365221
51,1.0,vpl_oracle,0.14597383734398972,2.4681358281675246e-06,0.001458128707334594,0.9079238797365221
51,2.0,rlhf,-1.117319397963111,9.85481869859342e-06,0.003774422516686118,0.8242722547109451
51,2.0,vpl_inferred,-1.2358823808627588,9.85481869859342e-06,0.0034614722295204818,0.8242722547109451
51,2.0,vpl_oracle,-0.9749403362961635,9.85481869859342e-06,0.0036592175812232845,0.8242722547109451
51,5.0,rlhf,-5.7974391902213,6.125684341578061e-05,0.006712278173049082,0.6460159030659945
51,5.0,vpl_inferred,-3.401724154852785,6.125684341578061e-05,0.0065358655772087045,0.6460159030659945
51,5.0,vpl_oracle,-3.41171165581067,6.125684341578061e-05,0.007914397553198138,0.6460159030659945
