lambda,method,utility_retention,subgroup_divergence_pre,subgroup_divergence_post,optimal_utility_b
0.0,rlhf,0.9999999999524218,0.0,0.0,1.0241471242028384
0.0,vpl_inferred,0.9926841507166598,0.0,0.0,1.0241471242028384
0.0,vpl_oracle,0.9999996332059339,0.0,0.0,1.0241471242028384
0.5,rlhf,0.5809425595880562,5.887278672394392e-07,0.0004696003896067485,0.9115577685346445
0.5,vpl_inferred,0.5750015438356914,5.887278672394392e-07,0.00047445882049719024,0.9115577685346445
0.5,vpl_oracle,0.5993821464003047,5.887278672394392e-07,0.0004544890955064944,0.9115577685346445
1.0,rlhf,0.027887868378705483,2.3532150138668805e-06,0.0014877266738517426,0.8661524290885015
1.0,vpl_inferred,0.29388996249031907,2.3532150138668805e-06,0.0007539457176670923,0.8661524290885015
1.0,vpl_oracle,0.07630536404587167,2.3532150138668805e-06,0.0014383642585210933,0.8661524290885015
2.0,rlhf,-1.1978745366464376,9.399215770606852e-06,0.0036477907733087084,0.7928654135324416
2.0,vpl_inferred,-1.505967911650228,9.399215770606852e-06,0.0029530340626143887,0.7928654135324416
2.0,vpl_oracle,-1.0153667688896786,9.399215770606852e-06,0.0035075874475474374,0.7928654135324416
5.0,rlhf,-6.2432204232341455,5.848568154432854e-05,0.006518786543027661,0.628421887326414
5.0,vpl_inferred,-3.949856049673184,5.848568154432854e-05,0.006767920904183336,0.628421887326414
5.0,vpl_oracle,-5.7028649421287305,5.848568154432854e-05,0.0065379241641709334,0.628421887326414
