lambda,method,retention_mean,retention_std,retention_min,retention_max,div_post_mean,div_post_std,div_pre_mean,optimal_utility_b_mean,n_seeds
0.0,rlhf,0.9915431203848746,0.014274199319704663,0.9581435046134776,0.9999999999524218,0.0,0.0,0.0,1.064888499641534,10
0.0,vpl_inferred,0.9766447399317391,0.047773917860871006,0.87138527174829,0.9999999999833865,0.0,0.0,0.0,1.064888499641534,10
0.0,vpl_oracle,0.9890479951651894,0.013681230513666287,0.9578239137932769,0.9999996332059339,0.0,0.0,0.0,1.064888499641534,10
0.5,rlhf,0.7126213453892283,0.130898888310623,0.5809425595880562,0.9933605984425705,0.0003418807565168225,0.00013517072459402779,4.5175695997449764e-07,0.9532054440577739,10
0.5,vpl_inferred,0.6228916667476481,0.06653061340740835,0.5695205756033435,0.7876463659550625,0.0003994756011268693,6.751296756809089e-05,4.5175695997449764e-07,0.9532054440577739,10
0.5,vpl_oracle,0.7383555409830233,0.13706586185506864,0.5950849106466712,0.9686505804964904,0.0003196831246405683,0.00012994406490763257,4.5175695997449764e-07,0.9532054440577739,10
1.0,rlhf,0.3893065614678109,0.36293280783695203,0.027887868378705483,0.9756999653231917,0.0010306461224411797,0.0004712370131107334,1.8063820337417335e-06,0.9097191988872684,10
1.0,vpl_inferred,0.15216805486609697,0.16141032817376635,0.04371069175023978,0.5614019264580511,0.0012086553074448958,0.00024276652865409907,1.8063820337417335e-06,0.9097191988872684,10
1.0,vpl_oracle,0.45999562458899834,0.32349982653154935,0.06502513652909116,0.8919413113652704,0.0009601958271050589,0.0004301016330507159,1.8063820337417335e-06,0.9097191988872684,10
2.0,rlhf,-0.37610478993004154,0.7760199814646268,-1.1978745366464376,0.916472622452566,0.002721668428097152,0.0009507650016440811,7.2203142285846286e-06,0.8456162698266819,10
2.0,vpl_inferred,-0.9037710417076863,0.46117249267173605,-1.505967911650228,0.03566982119374167,0.0029856770791618276,0.0005361000253849958,7.2203142285846286e-06,0.8456162698266819,10
2.0,vpl_oracle,-0.14963321349991002,0.6665368722763702,-1.0153667688896786,0.7192360296438165,0.0025369520349740994,0.0008394952282816874,7.2203142285846286e-06,0.8456162698266819,10
5.0,rlhf,-3.2978303603316648,2.2668091170315883,-6.2432204232341455,0.5081350160915912,0.0062131345438211135,0.0009687459650309811,4.50268463815621e-05,0.7099052570209701,10
5.0,vpl_inferred,-4.220985239872917,1.3980761716037047,-5.804415060621431,-1.7147129511756085,0.006231569119303539,0.0006126660710879784,4.50268463815621e-05,0.7099052570209701,10
5.0,vpl_oracle,-2.655914905662484,2.0294036559018767,-5.7028649421287305,0.024528614158135332,0.006548152446962918,0.0010692594263765256,4.50268463815621e-05,0.7099052570209701,10
