family,seed,method,realized_utility,utility_retention,surrogate_expected,fresh_surrogate_corr,entropy,effective_support,js_to_ref
synth_lam1.0,0,optimum,0.5755694949771605,1.0,-0.022167567831169258,0.713313271983822,2.2963892088491056,9.938232707642783,0.3219692737773903
synth_lam1.0,0,rlhf,0.44018160296482617,0.7647757687059028,-0.5366084793788435,0.7229618869983899,2.7208261991756584,15.192869397188593,0.18897092543679356
synth_lam1.0,0,vpl_inferred,0.18884992450979543,0.3281096829450444,-0.5352132945117041,0.8602900622497384,2.7234478364310193,15.232751845429558,0.1887841845889105
synth_lam1.0,0,vpl_oracle,0.40077278397105764,0.6963065059362831,-0.5386665412484656,0.871798520693077,2.7178010157443073,15.146977630918117,0.18914498891591322
synth_lam1.0,0,deployment_conditioned,0.6180756073406867,1.0738505301869983,-0.14524594396374718,0.7734768104171315,2.9889904321664447,19.865616676777833,0.13808584095856058
synth_lam1.0,1,optimum,0.8079084952702571,1.0,-0.022167567831169258,0.764495920227908,2.2963892088491056,9.938232707642783,0.3219692737773903
synth_lam1.0,1,rlhf,-0.7527695440631699,-0.9317509946610446,-1.712154784315865,0.8871568264056278,1.990571840033433,7.319718273702324,0.25882105171526826
synth_lam1.0,1,vpl_inferred,-0.5812558123360035,-0.7194574827952082,-1.3955278488289162,0.8645728243982039,2.1190999124284873,8.323642108133487,0.24799170347901545
synth_lam1.0,1,vpl_oracle,-0.6898361044587843,-0.8538542526750188,-1.7133879166506312,0.8142729292613554,1.9899649309571996,7.315277218041356,0.2588896942272988
synth_lam1.0,1,deployment_conditioned,0.5963231315581069,0.7381072671585514,-0.14500549723188522,0.7905859815561477,3.0472533217383666,21.05742694178295,0.13332292998427836
synth_lam1.0,2,optimum,0.6442756039125255,1.0,-0.022167567831169258,0.7783888301705086,2.2963892088491056,9.938232707642783,0.3219692737773903
synth_lam1.0,2,rlhf,0.35126063804620555,0.5452024504933712,-0.5033500208425393,0.8066091708600535,2.858133104997721,17.428958509585947,0.20766602407508689
synth_lam1.0,2,vpl_inferred,0.47334541672946173,0.7346939940841354,-0.42630144120246866,0.7819442831492975,2.875062311915928,17.726528661011915,0.2079842697830564
synth_lam1.0,2,vpl_oracle,0.45681851686655217,0.7090420839969835,-0.4972977595528282,0.8278663248520869,2.86578309519966,17.562801166188486,0.20634918601622076
synth_lam1.0,2,deployment_conditioned,0.516180246999978,0.8011792528932398,-0.1593568735460897,0.770242241663115,3.150930484969927,23.35778854363553,0.12111303978376997
synth_lam2.0,0,optimum,0.5298207941774289,1.0,-0.560234782614555,0.6708430853214683,2.300898157577764,9.983144866595051,0.3146645984454343
synth_lam2.0,0,rlhf,0.2748033605946902,0.5186722824296374,-0.9781346480914841,0.6708889792743699,3.0768225266320206,21.689375375889394,0.17582692742551229
synth_lam2.0,0,vpl_inferred,0.26554543712295303,0.5011985940174819,-0.9603116230358477,0.7912775358219857,3.082179671173664,21.805880282978503,0.17458049013356824
synth_lam2.0,0,vpl_oracle,0.1428518394777192,0.2696229386381545,-1.0282901609572745,0.8641752595052402,3.0528788238672835,21.176219362102206,0.18061503006755814
synth_lam2.0,0,deployment_conditioned,0.6096213933662634,1.150618095903028,-0.6761302076645975,0.7378156819216691,3.167486760131082,23.7477255631113,0.12276862197153192
synth_lam2.0,1,optimum,0.7249738514557417,1.0,-0.560234782614555,0.7357225493981367,2.300898157577764,9.983144866595051,0.3146645984454343
synth_lam2.0,1,rlhf,0.3370546118850973,0.46491968118338933,-0.809037687787495,0.750513891469656,3.3569252717891915,28.70080788834836,0.11257623188250485
synth_lam2.0,1,vpl_inferred,0.4139758936851686,0.5710218276892447,-0.8704850884833457,0.7415214798561082,3.3466649253752836,28.407833237987056,0.1258643461582788
synth_lam2.0,1,vpl_oracle,0.3901775218963835,0.5381953033380585,-0.8127615592043909,0.6947734421464924,3.371296181610551,29.116242547613027,0.11347245471580877
synth_lam2.0,1,deployment_conditioned,0.46606932180939753,0.6428774236112572,-0.6822053624391489,0.7506031382857383,3.182503930031144,24.107040385943762,0.11594765025773525
synth_lam2.0,2,optimum,0.46825939656780924,1.0,-0.560234782614555,0.703965299652475,2.300898157577764,9.983144866595051,0.3146645984454343
synth_lam2.0,2,rlhf,-0.014655156897132138,-0.03129709089566536,-1.2652226379293747,0.7633242789467105,2.8574398449333813,17.41687989598219,0.20388777044512238
synth_lam2.0,2,vpl_inferred,-0.059610075233444255,-0.12730139676932686,-1.3114237261807566,0.885457572872422,2.8406986242401517,17.127727203707472,0.2070306455941155
synth_lam2.0,2,vpl_oracle,0.07613998293247,0.16260214635424636,-1.3114237261807566,0.6888260686761658,2.8406986242401517,17.127727203707472,0.2070306455941155
synth_lam2.0,2,deployment_conditioned,0.4105524435282834,0.8767628509699982,-0.7128461291277494,0.7510119897300529,3.1737237161455827,23.89630193340597,0.12195851432827555
