family,probe_cluster,format,p,delta
synth_lam1.0,1,group_b_contextual,0.02,0.5132231376573791
synth_lam1.0,1,group_b_contextual,0.1,-0.21077963948440334
synth_lam1.0,1,group_b_contextual,0.25,-2.0095787628311568
synth_lam1.0,1,group_b_contextual,0.5,-5.132156004180825
synth_lam1.0,1,group_b_contextual,0.8,-9.654997616268126
synth_lam1.0,5,group_b_contextual,0.02,1.1081934347877214
synth_lam1.0,5,group_b_contextual,0.1,0.170005712540693
synth_lam1.0,5,group_b_contextual,0.25,-1.1509332606980838
synth_lam1.0,5,group_b_contextual,0.5,-3.737820982698349
synth_lam1.0,5,group_b_contextual,0.8,-8.033544630892546
synth_lam1.0,8,group_b_contextual,0.02,0.6130447736343256
synth_lam1.0,8,group_b_contextual,0.1,0.059028363310557844
synth_lam1.0,8,group_b_contextual,0.25,-1.4288871556774163
synth_lam1.0,8,group_b_contextual,0.5,-4.862739132712432
synth_lam1.0,8,group_b_contextual,0.8,-9.632037205050509
synth_lam1.0,1,group_b_stated,0.02,1.0955531776536307
synth_lam1.0,1,group_b_stated,0.1,-0.5986966017954889
synth_lam1.0,1,group_b_stated,0.25,-3.2667718231878586
synth_lam1.0,1,group_b_stated,0.5,-9.562181188600656
synth_lam1.0,1,group_b_stated,0.8,-12.730491857219507
synth_lam1.0,5,group_b_stated,0.02,0.704102171858291
synth_lam1.0,5,group_b_stated,0.1,0.17573535100414317
synth_lam1.0,5,group_b_stated,0.25,-1.6466615512697425
synth_lam1.0,5,group_b_stated,0.5,-5.381214715148434
synth_lam1.0,5,group_b_stated,0.8,-8.526603786288309
synth_lam1.0,8,group_b_stated,0.02,2.9809486245538794
synth_lam1.0,8,group_b_stated,0.1,0.129167757484388
synth_lam1.0,8,group_b_stated,0.25,-2.070820531283383
synth_lam1.0,8,group_b_stated,0.5,-5.085452440818784
synth_lam1.0,8,group_b_stated,0.8,-9.854979855497113
synth_lam1.0,1,placebo,0.02,-0.5392000163796469
synth_lam1.0,1,placebo,0.1,-0.08321992526436983
synth_lam1.0,1,placebo,0.25,-0.26047194509190885
synth_lam1.0,1,placebo,0.5,0.330484341127793
synth_lam1.0,1,placebo,0.8,-0.5484530360800669
synth_lam1.0,5,placebo,0.02,0.6470143869097984
synth_lam1.0,5,placebo,0.1,-0.4769169257720384
synth_lam1.0,5,placebo,0.25,-0.24154176248015446
synth_lam1.0,5,placebo,0.5,0.4421020963619356
synth_lam1.0,5,placebo,0.8,-1.0882783710612711
synth_lam1.0,8,placebo,0.02,-0.0199867982494803
synth_lam1.0,8,placebo,0.1,0.38196897372202726
synth_lam1.0,8,placebo,0.25,0.4088822294419123
synth_lam1.0,8,placebo,0.5,-0.1930117153396935
synth_lam1.0,8,placebo,0.8,-0.3674808869660898
synth_lam1.0,1,group_a_contamination,0.02,-0.19660462927723282
synth_lam1.0,1,group_a_contamination,0.1,-0.1202426105160973
synth_lam1.0,1,group_a_contamination,0.25,0.15071035346456407
synth_lam1.0,1,group_a_contamination,0.5,-0.25601219620319565
synth_lam1.0,1,group_a_contamination,0.8,-0.5676634528463014
synth_lam1.0,5,group_a_contamination,0.02,-0.8588704299133756
synth_lam1.0,5,group_a_contamination,0.1,-1.0210545997071665
synth_lam1.0,5,group_a_contamination,0.25,1.049239063220565
synth_lam1.0,5,group_a_contamination,0.5,-0.479786534433518
synth_lam1.0,5,group_a_contamination,0.8,-0.32759167186333626
synth_lam1.0,8,group_a_contamination,0.02,-0.6393585452809233
synth_lam1.0,8,group_a_contamination,0.1,-0.22455598852818956
synth_lam1.0,8,group_a_contamination,0.25,0.2698123299902406
synth_lam1.0,8,group_a_contamination,0.5,-0.034417889510674184
synth_lam1.0,8,group_a_contamination,0.8,-0.3199409499344175
synth_lam2.0,1,group_b_contextual,0.02,0.923394764908637
synth_lam2.0,1,group_b_contextual,0.1,0.09986807199246618
synth_lam2.0,1,group_b_contextual,0.25,-2.483621558703636
synth_lam2.0,1,group_b_contextual,0.5,-7.3916380333346945
synth_lam2.0,1,group_b_contextual,0.8,-10.596451064068656
synth_lam2.0,5,group_b_contextual,0.02,0.924491180474302
synth_lam2.0,5,group_b_contextual,0.1,-0.05191650844836359
synth_lam2.0,5,group_b_contextual,0.25,-2.625258780287866
synth_lam2.0,5,group_b_contextual,0.5,-9.349315157769517
synth_lam2.0,5,group_b_contextual,0.8,-10.040507521369609
synth_lam2.0,8,group_b_contextual,0.02,1.744860114281075
synth_lam2.0,8,group_b_contextual,0.1,-0.10612466541620066
synth_lam2.0,8,group_b_contextual,0.25,-1.839986107556194
synth_lam2.0,8,group_b_contextual,0.5,-6.221188149965335
synth_lam2.0,8,group_b_contextual,0.8,-10.467697449305183
synth_lam2.0,1,group_b_stated,0.02,1.130708768733184
synth_lam2.0,1,group_b_stated,0.1,-1.1640923634589686
synth_lam2.0,1,group_b_stated,0.25,-5.222293066768484
synth_lam2.0,1,group_b_stated,0.5,-9.952593411229744
synth_lam2.0,1,group_b_stated,0.8,-11.67149786878263
synth_lam2.0,5,group_b_stated,0.02,1.5471831366153959
synth_lam2.0,5,group_b_stated,0.1,0.0014010019632669222
synth_lam2.0,5,group_b_stated,0.25,-2.7049993452261174
synth_lam2.0,5,group_b_stated,0.5,-10.06383094340741
synth_lam2.0,5,group_b_stated,0.8,-9.893667346007879
synth_lam2.0,8,group_b_stated,0.02,3.033229745330352
synth_lam2.0,8,group_b_stated,0.1,-0.8296690910331805
synth_lam2.0,8,group_b_stated,0.25,-4.560539007899086
synth_lam2.0,8,group_b_stated,0.5,-10.153123168775142
synth_lam2.0,8,group_b_stated,0.8,-10.747902569211085
synth_lam2.0,1,placebo,0.02,-0.3886648428956364
synth_lam2.0,1,placebo,0.1,-1.037321545928071
synth_lam2.0,1,placebo,0.25,0.2745934987394869
synth_lam2.0,1,placebo,0.5,-1.3039346530573488
synth_lam2.0,1,placebo,0.8,0.9562111179698078
synth_lam2.0,5,placebo,0.02,-0.7683835355695101
synth_lam2.0,5,placebo,0.1,0.2841227561750325
synth_lam2.0,5,placebo,0.25,0.565685657864108
synth_lam2.0,5,placebo,0.5,-0.21414677516847094
synth_lam2.0,5,placebo,0.8,-0.6799009743859241
synth_lam2.0,8,placebo,0.02,-0.7878560247881315
synth_lam2.0,8,placebo,0.1,0.5126336182672471
synth_lam2.0,8,placebo,0.25,0.28640707256297965
synth_lam2.0,8,placebo,0.5,0.321581077363154
synth_lam2.0,8,placebo,0.8,1.2684323698186728
synth_lam2.0,1,group_a_contamination,0.02,-1.6800421434780304
synth_lam2.0,1,group_a_contamination,0.1,2.2291885656025765
synth_lam2.0,1,group_a_contamination,0.25,0.3771731307162986
synth_lam2.0,1,group_a_contamination,0.5,-0.09810068229020508
synth_lam2.0,1,group_a_contamination,0.8,-0.8943814587294491
synth_lam2.0,5,group_a_contamination,0.02,0.11221202107626166
synth_lam2.0,5,group_a_contamination,0.1,-0.6257243904975563
synth_lam2.0,5,group_a_contamination,0.25,0.05110022800483601
synth_lam2.0,5,group_a_contamination,0.5,-0.11124769521530643
synth_lam2.0,5,group_a_contamination,0.8,-0.16781778544019343
synth_lam2.0,8,group_a_contamination,0.02,-0.098249607135508
synth_lam2.0,8,group_a_contamination,0.1,0.6093149877240784
synth_lam2.0,8,group_a_contamination,0.25,0.4068718473664003
synth_lam2.0,8,group_a_contamination,0.5,-0.8292204567946513
synth_lam2.0,8,group_a_contamination,0.8,-0.27898339125778154
